,knn1,knn2,knn3,knn4,knn5
mean_absolute_error,0.5300000000000002,0.6378854077705174,0.7428932424778657,0.797050055467665,0.852449613276327
mean_squared_error,1.46,1.2594107158478918,1.3110907166705084,1.2833600844408835,1.36690804565714
median_absolute_error,0.0,3.552713678800501e-15,0.5868150739080225,0.518079791829078,0.7329162797904338
percentile90,2.0,2.0,1.9999999999999991,1.9454184203525673,1.9999999999999991
percentile95,2.09999999999991,2.0328168111942753,2.6310633625594066,2.5195964436420035,2.465725096895996
std_dev_distance_error,1.0872235914680108,0.9244725773472117,0.8724122332435589,0.8060369298926401,0.801150615210906
