,knn1,knn2,knn3,knn4,knn5
mean_absolute_error,1.2863588624663287,1.2787853966112446,1.2907609493915393,1.29618530693289,1.2984657398257975
mean_squared_error,4.397142857142857,3.885238551132495,3.8961752889960772,3.860632363628877,3.871534184959847
median_absolute_error,1.7763568394002505e-15,0.9787134950822773,0.6758149161995934,0.9414219920179647,0.8233996075275871
percentile_90,4.0,3.9999999999999964,3.989101489082165,3.5711958848459195,3.6212389522849495
percentile_95,4.0,4.000000000000002,4.0000000000000036,4.0000000000000036,4.340493591950573
std_dev_distance_error,1.6572106344936108,1.5010547185469685,1.4944235985141283,1.4777197033294867,1.4794078365383505
