,knn1,knn2,knn3,knn4,knn5
mean_absolute_error,0.7550000000000003,0.8778658185037154,1.001512850750212,1.105977316036362,1.1923341422427238
mean_squared_error,2.79,2.4408059922813337,2.5664832699208193,2.651355938358448,2.8600782587553795
median_absolute_error,0.0,3.762384161998069e-15,0.5914070813308898,0.8416001177928214,0.8963307187646556
percentile_90,2.0,2.0007407509020756,2.6006699684485772,2.6686944207443037,2.855236359121771
percentile_95,4.0,3.8182877240958355,3.4082036085806418,3.0570096445152846,3.5178461347591097
std_dev_distance_error,1.4918240000475227,1.2939642404731238,1.2519479677638252,1.1965573486016807,1.2008424578265817
