,knn1,knn2,knn3,knn4,knn5
mean_absolute_error,2.367062135652847,2.0806625539052424,2.0636323805474173,1.9902162974521223,1.9643727394235542
mean_squared_error,7.475,6.265583383309127,5.902786037966714,5.545705351441636,5.286100142281376
median_absolute_error,2.0,2.0,2.0,2.0,2.0
percentile90,2.0000000000000036,3.8951131902301275,3.2956136011027173,3.0101657635248094,3.441823524611686
percentile95,6.0,6.0,4.731724396781821,4.950588504823498,4.427353947457378
std_dev_distance_error,1.3696441227888474,1.3930073095986326,1.2836043079144117,1.2601797031799007,1.1959597466603469
